Iteration,film = A_Probability,film = B_Probability,film = C_Probability
0,0.3333333333333333,0.3333333333333333,0.3333333333333333
1,0.34,0.33,0.33
2,0.3366,0.3367,0.3267
3,0.3366,0.3367,0.3267
4,0.33323400000000003,0.343333,0.32343299999999997
5,0.33323400000000003,0.343333,0.32343299999999997
6,0.33990166000000005,0.33989967,0.32019866999999996
7,0.33990166000000005,0.33989967,0.32019866999999996
8,0.33990166000000005,0.33989967,0.32019866999999996
9,0.3365026434,0.3465006733,0.31699668329999997
10,0.34313761696600004,0.343035666567,0.31382671646699994
11,0.34970624079634005,0.33960530990133003,0.31068844930232997
12,0.3562091783883766,0.3362092568023167,0.30758156480930665
13,0.3562091783883766,0.3362092568023167,0.30758156480930665
14,0.35264708660449284,0.34284716423429357,0.3045057491612136
15,0.35264708660449284,0.34284716423429357,0.3045057491612136
16,0.35264708660449284,0.34284716423429357,0.3045057491612136
17,0.3591206157384479,0.3394186925919506,0.30146069166960143
18,0.3591206157384479,0.3394186925919506,0.30146069166960143
19,0.35552940958106344,0.3460245056660311,0.2984460847529054
20,0.3619741154852529,0.34256426060937084,0.2954616239053764
21,0.35835437433040035,0.3491386180032771,0.29250700766632265
22,0.36477083058709636,0.34564723182324436,0.28958193758965944
23,0.37112312228122535,0.3421907595050119,0.2866861182137628
24,0.3674118910584131,0.34876885190996176,0.28381925703162514
25,0.3674118910584131,0.34876885190996176,0.28381925703162514
26,0.3674118910584131,0.34876885190996176,0.28381925703162514
27,0.363737772147829,0.35528116339086213,0.2809810644613089
28,0.363737772147829,0.35528116339086213,0.2809810644613089
29,0.363737772147829,0.35528116339086213,0.2809810644613089
30,0.3701003944263507,0.3517283517569535,0.2781712538166958
31,0.37639939048208715,0.34821106823938397,0.2753895412785288
32,0.3726353965772663,0.35472895755699013,0.2726356458657435
33,0.3789090426114936,0.35118166798142025,0.2699092894070861
34,0.3789090426114936,0.35118166798142025,0.2699092894070861
35,0.38511995218537876,0.3476698513016061,0.26721019651301525
36,0.38126875266352495,0.35419315278859004,0.2645380945478851
37,0.38126875266352495,0.35419315278859004,0.2645380945478851
38,0.3874560651368897,0.35065122126070414,0.2618927136024063
39,0.39358150448552076,0.3471447090480971,0.2592737864663822
40,0.39358150448552076,0.3471447090480971,0.2592737864663822
41,0.39358150448552076,0.3471447090480971,0.2592737864663822
42,0.39358150448552076,0.3471447090480971,0.2592737864663822
43,0.39358150448552076,0.3471447090480971,0.2592737864663822
44,0.39358150448552076,0.3471447090480971,0.2592737864663822
45,0.39964568944066553,0.3436732619576161,0.2566810486017184
46,0.4056492325462589,0.34023652933803994,0.2541142381157012
47,0.40159274022079633,0.34683416404465955,0.2515730957345442
48,0.40757681281858826,0.34336582240421293,0.24905736477719873
49,0.40757681281858826,0.34336582240421293,0.24905736477719873
50,0.41350104469040244,0.33993216418017086,0.24656679112942675
51,0.41350104469040244,0.33993216418017086,0.24656679112942675
52,0.41936603424349844,0.3365328425383691,0.2441011232181325
53,0.4151723739010635,0.34316751411298546,0.24166011198595116
54,0.4151723739010635,0.34316751411298546,0.24166011198595116
55,0.41102065016205275,0.34973583897185556,0.2392435108660916
56,0.4069104436604322,0.35623848058213703,0.2368510757574307
57,0.4069104436604322,0.35623848058213703,0.2368510757574307
58,0.41284133922382793,0.3526760957763157,0.23448256499985642
59,0.40871292583158964,0.35914933481855255,0.23213773934985785
60,0.41462579657327375,0.355557841470367,0.22981636195635927
61,0.420479538607541,0.35200226305566334,0.22751819833679568
62,0.4262747432214656,0.3484822404251067,0.22524301635342772
63,0.4220119957892509,0.35499741802085566,0.22299058618989345
64,0.4177918758313584,0.3614474438406471,0.2207606803279945
65,0.42361395707304483,0.35783296940224063,0.21855307352471456
66,0.42361395707304483,0.35783296940224063,0.21855307352471456
67,0.4293778175023144,0.35425463970821824,0.21636754278946743
68,0.4250840393272913,0.3607120933111361,0.21420386736157276
69,0.4208331989340184,0.3671049723780247,0.21206182868795703
70,0.4166248669446782,0.37343392265424447,0.20994121040107747
71,0.4224586182752314,0.36969958342770204,0.2078417982970667
72,0.4224586182752314,0.36969958342770204,0.2078417982970667
73,0.42823403209247907,0.366002587593425,0.20576338031409602
74,0.4339516917715542,0.36234256171749074,0.203705746510955
75,0.43961217485383863,0.35871913610031586,0.20166868904584545
76,0.43961217485383863,0.35871913610031586,0.20166868904584545
77,0.44521605310530027,0.3551319447393127,0.199652002155387
78,0.4407638925742473,0.36158062529191964,0.19765548213383316
79,0.44635625364850473,0.3579648190390004,0.19567892731249478
80,0.44635625364850473,0.3579648190390004,0.19567892731249478
81,0.4518926911120197,0.3543851708486104,0.19372213803936983
82,0.45737376420089954,0.35084131914012434,0.19178491665897615
83,0.4628000265588905,0.3473329059487231,0.18986706749238638
84,0.4581720262933016,0.3538595768892359,0.18796839681746252
85,0.4635903060303686,0.35032098112034354,0.1860887128492879
86,0.4689544029700649,0.3468177713091401,0.18422782572079502
87,0.47426485894036424,0.3433495935960487,0.18238554746358707
88,0.4795222103509606,0.33991609766008823,0.1805616919889512
89,0.47472698824745097,0.3465169366834874,0.1787560750690617
90,0.47997971836497644,0.3430517673166525,0.17696851431837107
91,0.4851799211813267,0.33962124964348595,0.17519882917518736
92,0.4851799211813267,0.33962124964348595,0.17519882917518736
93,0.4803281219695134,0.3462250371470511,0.17344684088343548
94,0.47552484074981827,0.3527627867755806,0.17171237247460114
95,0.4707695923423201,0.3592351589078248,0.16999524874985514
96,0.4707695923423201,0.3592351589078248,0.16999524874985514
97,0.4707695923423201,0.3592351589078248,0.16999524874985514
98,0.4707695923423201,0.3592351589078248,0.16999524874985514
99,0.4760618964188969,0.3556428073187466,0.1682952962623566
100,0.4760618964188969,0.3556428073187466,0.1682952962623566
101,0.4813012774547079,0.35208637924555913,0.166612343299733
102,0.4864882646801608,0.34856551545310355,0.1649462198667357
103,0.4864882646801608,0.34856551545310355,0.1649462198667357
104,0.4916233820333592,0.3450798602985725,0.16329675766806834
105,0.48670714821302563,0.3516290616955868,0.16166379009138765
106,0.49184007673089536,0.3481127710786309,0.16004715219047377
107,0.4969216759635864,0.34463164336784463,0.15844668066856904
108,0.49195245920395053,0.3511853269341662,0.15686221386188334
109,0.49195245920395053,0.3511853269341662,0.15686221386188334
110,0.48703293461191105,0.35767347366482455,0.1552935917232645
111,0.48216260526579185,0.36409673892817623,0.15374065580603183
112,0.47734097921313395,0.3704557715388945,0.15220324924797152
113,0.4825675694210026,0.3667512138235055,0.15068121675549181
114,0.48774189372679266,0.3630837016852705,0.14917440458793693
115,0.48774189372679266,0.3630837016852705,0.14917440458793693
116,0.4828644747895247,0.36945286466841776,0.14768266054205756
117,0.4828644747895247,0.36945286466841776,0.14768266054205756
118,0.4780358300416295,0.3757583360217336,0.14620583393663697
119,0.4832554717412131,0.3720007526615162,0.14474377559727059
120,0.48325547174121314,0.3720007526615163,0.1447437755972706
121,0.48842291702380103,0.3682807451349011,0.14329633784129792
122,0.49353868785356303,0.3645979376835521,0.14186337446288494
123,0.4986033009750274,0.36095195830671656,0.14044474071825608
124,0.5036172679652772,0.3573424387236494,0.1390402933110735
125,0.4985810952856244,0.3637690143364129,0.13764989037796277
126,0.49359528433276817,0.3701313241930488,0.13627339147418313
127,0.48865933148944046,0.3764300109511183,0.1349106575594413
128,0.4837727381745461,0.3826657108416071,0.13356155098384687
129,0.4789350107928006,0.38883905373319105,0.1322259354740084
130,0.47414566068487257,0.39495066319585914,0.13090367611926831
131,0.47940420407802387,0.39100115656390055,0.12959463935807564
132,0.4746101620372436,0.39709114499826154,0.1282986929644949
133,0.4746101620372436,0.39709114499826154,0.1282986929644949
134,0.4798640604168712,0.3931202335482789,0.12701570603484993
135,0.47506541981270245,0.39918903121279614,0.12574554897450144
136,0.4803147656145754,0.39519714090066815,0.12448809348475642
137,0.4803147656145754,0.39519714090066815,0.12448809348475642
138,0.47551161795842967,0.40124516949166145,0.12324321254990886
139,0.4807565017788454,0.39723271779674485,0.12201078042440977
140,0.485948936761057,0.39326039061877743,0.12079067262016568
141,0.48108944739344633,0.39932778671258956,0.119582765893964
142,0.47627855291951193,0.40533450884546374,0.11838693823502437
143,0.4715157673903168,0.41128116375700907,0.11720306885267413
144,0.47680060971641364,0.40716835211943897,0.1160310381641474
145,0.4720326036192495,0.41309666859824457,0.11487072778250591
146,0.47731227758305705,0.40896570191226217,0.11372202050468087
147,0.48253915480722637,0.40487604489313944,0.11258480029963404
148,0.48771376325915416,0.4008272844442081,0.11145895229663771
149,0.4928366256265626,0.396819011599766,0.11034436277367134
150,0.487908259370297,0.4028508214837684,0.10924091914593463
151,0.487908259370297,0.4028508214837684,0.10924091914593463
152,0.48302917677659407,0.4088223132689307,0.10814850995447528
153,0.48302917677659407,0.4088223132689307,0.10814850995447528
154,0.4781988850088281,0.4147340901362414,0.10706702485493053
155,0.47341689615873983,0.420586749234879,0.10599635460638122
156,0.47868272719715244,0.4163808817425302,0.10493639106031741
157,0.47868272719715244,0.4163808817425302,0.10493639106031741
158,0.4738958999251809,0.4222170729251049,0.10388702714971423
159,0.4691569409259291,0.42799490219585384,0.10284815687821709
160,0.4691569409259291,0.42799490219585384,0.10284815687821709
161,0.4644653715166698,0.4337149531738953,0.10181967530943492
162,0.4598207178015031,0.43937780364215634,0.10080147855634057
163,0.45522251062348806,0.4449840256057348,0.09979346377077716
164,0.4506702855172532,0.45053418534967743,0.0987955291330694
165,0.44616358266208067,0.45602884349618067,0.0978075738417387
166,0.4417019468354599,0.46146855506121887,0.09682949810332131
167,0.4372849273671053,0.4668538695106067,0.0958612031222881
168,0.44291207809343425,0.4621853308155006,0.09490259109106522
169,0.44291207809343425,0.4621853308155006,0.09490259109106522
170,0.4484829573124998,0.4575634775073455,0.09395356518015453
171,0.44399812773937486,0.4629878427322721,0.093014029528353
172,0.43955814646198116,0.46835796430494947,0.09208388923306948
173,0.43516256499736133,0.4736743846619,0.0911630503407388
174,0.4308109393473876,0.4789376408152809,0.0902514198373314
175,0.43650282995391376,0.4741482644071281,0.08934890563895809
176,0.43213780165437465,0.47940678176305684,0.08845541658256852
177,0.43213780165437465,0.47940678176305684,0.08845541658256852
178,0.43213780165437465,0.47940678176305684,0.08845541658256852
179,0.4378164236378309,0.47461271394542626,0.08757086241674283
180,0.4434382594014526,0.469866586805972,0.0866951537925754
181,0.4434382594014526,0.469866586805972,0.0866951537925754
182,0.4434382594014526,0.469866586805972,0.0866951537925754
183,0.4434382594014526,0.469866586805972,0.0866951537925754
184,0.4490038768074381,0.46516792093791226,0.08582820225464965
185,0.4490038768074381,0.46516792093791226,0.08582820225464965
186,0.4490038768074381,0.46516792093791226,0.08582820225464965
187,0.44451383803936373,0.4705162417285331,0.08496992023210316
188,0.4500686996589701,0.46581107931124777,0.08412022102978213
189,0.4555680126623804,0.4611529685181353,0.08327901881948431
190,0.45101233253575657,0.46654143883295396,0.08244622863128946
191,0.456502209210399,0.46187602444462444,0.08162176634497657
192,0.461937187118295,0.4572572642001782,0.08080554868152681
193,0.4673178152471121,0.4526846915581764,0.07999749319471154
194,0.47264463709464094,0.44815784464259467,0.07919751826276443
195,0.4679181907236945,0.45367626619616874,0.07840554308013678
196,0.4679181907236945,0.45367626619616874,0.07840554308013678
197,0.4732390088164576,0.44913950353420706,0.07762148764933541
198,0.4685066187282929,0.4546481084988649,0.07684527277284205
199,0.46850661872829297,0.45464810849886494,0.07684527277284206
200,0.47382155254101005,0.45010162741387627,0.07607682004511364
201,0.46908333701559995,0.4556006111397375,0.0753160518446625
202,0.474392503645444,0.45104460502834015,0.0745628913262159
203,0.474392503645444,0.45104460502834015,0.0745628913262159
204,0.47964857860898946,0.44653415897805665,0.07381726241295372
205,0.47485209282289964,0.45206881738827615,0.0730790897888242
206,0.4801035718946706,0.4475481292143934,0.07234829889093596
207,0.4801035718946706,0.4475481292143934,0.07234829889093596
208,0.47530253617572393,0.4530726479222495,0.0716248159020266
209,0.4805495108139667,0.448541921443027,0.07090856774300633
210,0.48574401570582704,0.4440565022285967,0.07019948206557626
211,0.49088657554876874,0.43961593720631076,0.0694974872449205
212,0.4859777097932811,0.4452197778342477,0.0688025123724713
213,0.49111793269534826,0.4407675800559052,0.06811448724874658
214,0.49620675336839476,0.43635990425534615,0.06743334237625911
215,0.4912446858347108,0.4419963052127927,0.06675900895249652
216,0.4863322389763637,0.4475763421606648,0.06609141886297155
217,0.48146891658660007,0.4531005787390581,0.06543050467434183
218,0.48146891658660007,0.4531005787390581,0.06543050467434183
219,0.48146891658660007,0.4531005787390581,0.06543050467434183
220,0.48665422742073405,0.44856957295166755,0.06477619962759841
221,0.4817876851465267,0.4540838772221509,0.06412843763132242
222,0.4869698082950614,0.4495430384499294,0.0634871532550092
223,0.4821001102121108,0.4550476080654301,0.0628522817224591
224,0.4821001102121108,0.4550476080654301,0.0628522817224591
225,0.4772791091099897,0.4604971319847758,0.06222375890523451
226,0.4825063180188898,0.45589216066492805,0.06160152131618216
227,0.48768125483870084,0.45133323905827866,0.06098550610302033
228,0.4828044422903139,0.45681990666769595,0.060375651041990136
229,0.47797639786741075,0.46225170760101897,0.05977189453157023
230,0.4831966338887367,0.45762919052500883,0.059174175586254533
231,0.4883646675498493,0.4530528986197587,0.05858243383039199
232,0.4834810208743508,0.45852236963356113,0.05799660949208807
233,0.4886462106656073,0.4539371459372255,0.05741664339716719
234,0.4937597485589512,0.44939777447785323,0.05684247696319552
235,0.4937597485589512,0.44939777447785323,0.05684247696319552
236,0.49882215107336175,0.44490379673307473,0.05627405219356357
237,0.5038339295626282,0.44045475876574397,0.05571131167162794
238,0.5038339295626282,0.44045475876574397,0.05571131167162794
239,0.5087955902670019,0.4360502111780865,0.05515419855491166
240,0.5137076343643319,0.43168970906630566,0.05460265656936254
241,0.5185705580206885,0.4273728119756426,0.05405663000366892
242,0.5185705580206885,0.4273728119756426,0.05405663000366892
243,0.5185705580206885,0.4273728119756426,0.05405663000366892
244,0.5133848524404816,0.43309908385588614,0.05351606370363223
245,0.5082510039160769,0.43876809301732733,0.05298090306659592
246,0.5131684938769161,0.43438041208715406,0.05245109403592996
247,0.5131684938769161,0.43438041208715406,0.05245109403592996
248,0.5180368089381469,0.4300366079662824,0.05192658309557065
249,0.5128564408487655,0.43573624188661964,0.05140731726461495
250,0.5077278764402778,0.44137887946775345,0.0508932440919688
251,0.5077278764402778,0.44137887946775345,0.0508932440919688
252,0.5026505976758749,0.4469650906730758,0.0503843116510491
253,0.5076240916991163,0.44249543976634514,0.04988046853453861
254,0.5076240916991163,0.44249543976634514,0.04988046853453861
255,0.5025478507821252,0.44807048536868177,0.049381663849193236
256,0.5075223722743037,0.44358978051499487,0.04888784721070129
257,0.5124471485515608,0.43915388270984496,0.048398968738594284
258,0.5173226770660452,0.4347623438827465,0.04791497905120834
259,0.5221494502953847,0.43041472044391904,0.047435829260696255
260,0.5169279557924309,0.4361105732394798,0.046961470968089294
261,0.5117586762345065,0.44174946750708505,0.046491856258408404
262,0.5066410894721615,0.4473319728320142,0.04602693769582432
263,0.5015746785774399,0.45285865310369405,0.04556666831886608
264,0.4965589317916655,0.4583300665726571,0.04511100163567742
265,0.4965589317916655,0.4583300665726571,0.04511100163567742
266,0.49159334247374886,0.46374676590693054,0.044659891619320644
267,0.48667740904901136,0.46910929824786124,0.04421329270312744
268,0.49181063495852123,0.46441820526538263,0.043771159776096163
269,0.486892528608936,0.4697740232127288,0.043333448178335204
270,0.49202360332284667,0.46507628298060155,0.042900113696551855
271,0.4971033672896182,0.4604255201507955,0.042471112559586334
272,0.502132333616722,0.45582126494928754,0.04204640143399047
273,0.4971110102805548,0.46126305229979464,0.041625937419650566
274,0.5021399001777492,0.4566504217767967,0.041209678045454064
275,0.4971185011759717,0.4620839175590287,0.04079758126499952
276,0.5021473161642122,0.45746307838343847,0.040389605452349535
277,0.50712584300257,0.45288844759960406,0.03998570939782604
278,0.50712584300257,0.45288844759960406,0.03998570939782604
279,0.5020545845725443,0.4583595631236079,0.03958585230384777
280,0.5070340387268188,0.45377596749237187,0.03918999378080929
281,0.5019636983395507,0.4592382078174482,0.038798093843001195
282,0.5069440613561552,0.4546458257392737,0.038410112904571185
283,0.5069440613561552,0.4546458257392737,0.038410112904571185
284,0.5118746207425936,0.45009936748188084,0.03802601177552547
285,0.5118746207425937,0.4500993674818809,0.038026011775525476
286,0.5167558745351678,0.4455983738070621,0.03764575165777022
287,0.521588315789816,0.44114239006899136,0.03726929414119251
288,0.526372432631918,0.4367309661683015,0.03689660119978059
289,0.5311087083055989,0.43236365650661845,0.036527635187782785
290,0.5311087083055989,0.43236365650661845,0.036527635187782785
291,0.5357976212225428,0.42804001994155216,0.03616235883590495
292,0.5404396450103175,0.4237596197421367,0.03580073524754591
293,0.5450352485602142,0.41952202354471524,0.03544272789507044
294,0.5395848960746121,0.4253268033092681,0.035088300616119734
295,0.5341890471138661,0.4310735352761754,0.034737417609958535
296,0.5341890471138661,0.4310735352761754,0.034737417609958535
297,0.5388471566427274,0.42676279992341365,0.03439004343385895
298,0.5434586850763001,0.4224951719241795,0.034046142999520364
299,0.5480240982255371,0.4182702202049377,0.03370568156952516
300,0.5425438572432817,0.42408751800288835,0.03336862475382991
301,0.537118418670849,0.4298466428228595,0.03303493850629161
302,0.5317472344841404,0.4355481763946308,0.03270458912122869
303,0.536429762139299,0.4311926946306845,0.0323775432300164
304,0.541065464517906,0.42688076768437766,0.03205376779771624
305,0.5456548098727271,0.4226119600075339,0.03173323011973908
306,0.5501982617739998,0.4183858404074586,0.03141589781854169
307,0.5546962791562597,0.414201982003384,0.031101738840356274
308,0.5491493163646971,0.4200599621833501,0.03079072145195271
309,0.5436578232010502,0.42585936256151663,0.030482814237433185
310,0.5436578232010502,0.42585936256151663,0.030482814237433185
311,0.5436578232010502,0.42585936256151663,0.030482814237433185
312,0.5436578232010502,0.42585936256151663,0.030482814237433185
313,0.5436578232010502,0.42585936256151663,0.030482814237433185
314,0.5482212449690397,0.4216007689359015,0.030177986095058854
315,0.5527390325193493,0.41738476124654245,0.029876206234108266
316,0.5472116421941559,0.42321091363407704,0.029577444171767185
317,0.5517395257722143,0.4189788044977363,0.029281669730049514
318,0.5517395257722143,0.4189788044977363,0.029281669730049514
319,0.5562221305144921,0.4147890164527588,0.02898885303274901
320,0.5606599092093473,0.41064112628823124,0.028698964502421525
321,0.5550533101172538,0.41653471502534894,0.02841197485739731
322,0.5595027770160812,0.4123693678750955,0.028127855108823336
323,0.5639077492459204,0.40824567419634455,0.027846576557735103
324,0.5582686717534612,0.4141632174543811,0.027568110792157752
325,0.5626859850359266,0.4100215852798373,0.027292429684236175
326,0.5570591251855673,0.4159213694270389,0.027019505387393814
327,0.5514885339337117,0.4217621557327685,0.026749310333519877
328,0.5459736485943746,0.4275445341754408,0.026481817230184678
329,0.5405139121084308,0.4332690888336864,0.02621699905788283
330,0.5351087729873465,0.43893639794534955,0.025954829067304005
331,0.539757685257473,0.43454703396589606,0.025695280776630965
332,0.5343601084048983,0.4402015636262371,0.025438327968864655
333,0.5390165073208494,0.4357995479899747,0.025183944689176008
334,0.5436263422476408,0.431441552510075,0.024932105242284248
335,0.5381900788251645,0.43712713698497424,0.024682784189861404
336,0.5428081780369127,0.4327558656151244,0.024435956347962782
337,0.5473800962565437,0.4284283069589732,0.024191596784483158
338,0.5519062952939782,0.4241440238893834,0.02394968081663832
339,0.5563872323410385,0.41990258365048966,0.023710184008471944
340,0.5563872323410385,0.41990258365048966,0.023710184008471944
341,0.560823360017628,0.41570355781398466,0.023473082168387217
342,0.5652151264174518,0.4115465222358448,0.023238351346703344
343,0.5595629751532774,0.41743105701348643,0.023005967833236315
344,0.5639673454017445,0.4132567464433516,0.022775908154903952
345,0.568327671947727,0.40912417897891806,0.022548149073354912
346,0.5726443952282497,0.40503293718912886,0.022322667582621362
347,0.5726443952282497,0.40503293718912886,0.022322667582621362
348,0.5769179512759672,0.40098260781723755,0.022099440906795147
349,0.5811487717632077,0.39697278173906525,0.0218784464977272
350,0.5853372840455756,0.3930030539216746,0.021659662032749927
351,0.5794839112051198,0.39907302338245776,0.021443065412422423
352,0.5836890720930686,0.39508229314863325,0.0212286347582982
353,0.5878521813721379,0.3911314702171469,0.02101634841071522
354,0.5919736595584166,0.38722015551497546,0.02080618492660807
355,0.5860539229628324,0.3933479539598257,0.02059812307734199
356,0.580193383733204,0.3994144744202273,0.020392141846568568
357,0.584391449895872,0.39542032967602514,0.020188220428102886
358,0.5785475353969133,0.4014661263792649,0.019986338223821856
359,0.5827620600429442,0.39745146511547225,0.019786474841583638
360,0.5869344394425148,0.3934769504643175,0.019588610093167803
361,0.5869344394425148,0.3934769504643175,0.019588610093167803
362,0.5810650950480897,0.39954218095967436,0.019392723992236124
363,0.5752544440976087,0.4055467591500776,0.019198796752313764
364,0.5795018996566327,0.4014912915585768,0.019006808784790625
365,0.5837068806600664,0.39747637864299107,0.018816740696942717
366,0.5778698118534656,0.40350161485656105,0.018628573289973287
367,0.5820911137349309,0.39946659870799545,0.018442287557073556
368,0.5862702025975817,0.39547193272091546,0.01825786468150282
369,0.5904075005716058,0.3915172133937063,0.018075286034687794
370,0.5945034255658899,0.3876020412597693,0.01789453317434092
371,0.5985583913102309,0.3837260208471716,0.01771558784259751
372,0.6025728073971286,0.3798887606386999,0.017538431964171534
373,0.6065470793231573,0.3760898730323129,0.017363047644529818
374,0.6104816085299257,0.37232897430198975,0.01718941716808452
375,0.6104816085299257,0.37232897430198975,0.01718941716808452
376,0.6043767924446265,0.37860568455896987,0.017017522996403675
377,0.6083330245201802,0.3748196277133802,0.01684734776643964
378,0.6122496942749783,0.3710714314362463,0.01667887428877524
379,0.6122496942749784,0.3710714314362464,0.016678874288775243
380,0.6161271973322286,0.3673607171218839,0.01651208554588749
381,0.6099659253589064,0.37368710995066506,0.016346964690428616
382,0.6099659253589064,0.37368710995066506,0.016346964690428616
383,0.6138662661053174,0.3699502388511584,0.01618349504352433
384,0.6177276034442641,0.36625073646264683,0.016021660093089085
385,0.6215503274098215,0.36258822909802035,0.015861443492158196
386,0.6153348241357233,0.36896234680704015,0.015702829057236613
387,0.6153348241357233,0.36896234680704015,0.015702829057236613
388,0.609181475894366,0.37527272333896977,0.015545800766664246
389,0.6130896611354223,0.37151999610558006,0.015390342758997604
390,0.6069587645240682,0.37780479614452434,0.01523643933140763
391,0.606958764524068,0.3778047961445242,0.015236439331407626
392,0.6008891768788274,0.38402674818307897,0.01508407493809355
393,0.6048802851100392,0.3801864807012482,0.014933234188712617
394,0.6088314822589388,0.3763846158942357,0.01478390184682549
395,0.6027431674363494,0.38262076973529335,0.014636062828357235
396,0.5967157357619859,0.38879456203794044,0.014489702200073663
397,0.6007485784043661,0.3849066164175611,0.014344805178072928
398,0.6047410926203224,0.38105755025338534,0.014201357126292195
399,0.6086936816941193,0.37724697475085156,0.014059343555029274
400,0.602606744877178,0.38347450500334296,0.013918750119478978
401,0.6065806774284063,0.3796397599533095,0.013779562618284188
402,0.6105148706541222,0.3758433623537764,0.013641766992101347
403,0.6044097219475811,0.3820849287302387,0.013505349322180334
404,0.5983656247281053,0.3882640794429363,0.013370295828958531
405,0.5923819684808241,0.39438143864850683,0.013236592870668942
406,0.586458148796016,0.40043762426202184,0.013104226941962253
407,0.5805935673080558,0.4064332480194016,0.01297318467254263
408,0.5805935673080558,0.4064332480194016,0.01297318467254263
409,0.5847876316349753,0.4023689155392076,0.012843452825817203
410,0.5889397553186255,0.39834522638381553,0.012715018297559031
411,0.5889397553186255,0.39834522638381553,0.012715018297559031
412,0.5830503577654392,0.40436177411997737,0.01258786811458344
413,0.5830503577654392,0.40436177411997737,0.01258786811458344
414,0.5772198541877848,0.4103181563787775,0.012461989433437603
415,0.5814476556459071,0.4062149748149898,0.012337369539103228
416,0.5756331790894479,0.4121528250668398,0.012213995843712192
417,0.5798768472985535,0.40803129681617145,0.012091855885275072
418,0.5798768472985535,0.40803129681617145,0.012091855885275072
419,0.584078078825568,0.40395098384800976,0.011970937326422322
420,0.5882372980373123,0.39991147400952964,0.0118512279531581
421,0.5823549250569392,0.40591235926943436,0.011732715673626519
422,0.5823549250569392,0.40591235926943436,0.011732715673626519
423,0.5865313758063698,0.40185323567674003,0.011615388516890254
424,0.5906660620483061,0.3978347033199726,0.011499234631721351
425,0.5847594014278229,0.4038563562867728,0.011384242285404135
426,0.5789118074135448,0.40981779272390517,0.011270399862550096
427,0.5731226893394094,0.41571961479666614,0.011157695863924596
428,0.5673914624460152,0.4215624186486995,0.011046118905285349
429,0.561717547821555,0.42734679446221246,0.010935657716232495
430,0.5561003723433395,0.43307332651759034,0.01082630113907017
431,0.5561003723433395,0.43307332651759034,0.01082630113907017
432,0.5561003723433395,0.43307332651759034,0.01082630113907017
433,0.5605393686199062,0.42874259325241443,0.010718038127679469
434,0.5649339749337071,0.4244551673198903,0.010610857746402674
435,0.56928463518437,0.4202106156466914,0.010504749168938647
436,0.56928463518437,0.4202106156466914,0.010504749168938647
437,0.5735917888325263,0.41600850949022444,0.010399701677249261
438,0.5735917888325263,0.41600850949022444,0.010399701677249261
439,0.567855870944201,0.4218484243953222,0.010295704660476768
440,0.562177312234759,0.427629940151369,0.010192747613872
441,0.5565555391124114,0.43335364074985533,0.01009082013773328
442,0.5609899837212874,0.4290201043423568,0.009989911936355948
443,0.5609899837212873,0.4290201043423567,0.009989911936355947
444,0.5553800838840744,0.43472990329893313,0.009890012816992387
445,0.5598262830452337,0.4303826042659438,0.009791112688822464
446,0.5542280202147815,0.4360787782232844,0.009693201561934239
447,0.5486857400126336,0.44171799044105153,0.009596269546314897
448,0.5531988826125073,0.437300810536641,0.009500306850851748
449,0.5576668937863822,0.4329278024312746,0.00940530378234323
450,0.5520902248485183,0.43859852440696173,0.009311250744519797
451,0.5520902248485184,0.4385985244069618,0.009311250744519798
452,0.5520902248485184,0.4385985244069618,0.009311250744519798
453,0.5465693226000332,0.44421253916289216,0.0092181382370746
454,0.5511036293740329,0.43977041377126325,0.009125956854703854
455,0.5555925930802925,0.4353727096335506,0.009034697286156815
456,0.5500366671494897,0.44101898253721517,0.008944350313295248
457,0.5545363004779948,0.436608792711843,0.008854906810162296
458,0.5589909374732148,0.43224270478472443,0.00876635774206067
459,0.5634010280984828,0.42792027773687724,0.008678694164640066
460,0.5577670178174979,0.4336410749595085,0.008591907222993666
461,0.5621893476393229,0.4293046642099134,0.00850598815076373
462,0.5665674541629298,0.4250116175678143,0.008420928269256093
463,0.5609017796213004,0.43076150139213604,0.00833671898656353
464,0.5552927618250874,0.4364538863782147,0.008253351796697896
465,0.5597398342068366,0.4320893475144326,0.008170818278730918
466,0.5597398342068365,0.4320893475144325,0.008170818278730917
467,0.5541424358647682,0.4377684540392882,0.008089110095943609
468,0.5586010115061205,0.4333907694988953,0.008008218994984172
469,0.5530150013910593,0.43905686180390635,0.007928136805034331
470,0.5474848513771488,0.4446662931858673,0.007848855436983987
471,0.5520100028633773,0.4402196302540086,0.0077703668826141475
472,0.5464899028347435,0.44581743395146856,0.007692663213788006
473,0.5464899028347435,0.44581743395146856,0.007692663213788006
474,0.5410250038063961,0.4513592596119539,0.007615736581650126
475,0.545614753768332,0.4468456670158342,0.007539579215833623
476,0.5401586062306488,0.45237721034567596,0.007464183423675288
477,0.5347570201683424,0.4578534382422192,0.007389541589438535
478,0.5394094499666588,0.4532749038597969,0.007315646173544148
479,0.5440153554669923,0.44874215482119895,0.007242489711808707
480,0.5485752019123223,0.444254733272987,0.00717006481469062
481,0.5530894498931992,0.43981218594025717,0.007098364166543715
482,0.5475585553942672,0.4454140640808546,0.007027380524878278
483,0.5420829698403246,0.45095992344004604,0.006957106719629495
484,0.5466621401419213,0.44645032420564557,0.0068875356524332005
485,0.5511955187405021,0.4419858209635891,0.006818660295908868
486,0.5556835635530971,0.4375659627539532,0.00675047369294978
487,0.560126727917566,0.43319030312641355,0.00668296895602028
488,0.5645254606383905,0.4288584000951495,0.006616139266460078
489,0.5688802060320066,0.42456981609419797,0.006549977873795477
490,0.5731914039716866,0.42032411793325597,0.006484478095057523
491,0.5774594899319697,0.4161208767539234,0.006419633314106947
492,0.58168489503265,0.41195966798638417,0.006355436980965878
493,0.5858680460823235,0.40784007130652034,0.006291882611156219
494,0.5800093656215002,0.41376167059345514,0.006228963785044657
495,0.5742092719652852,0.4196240538875206,0.00616667414719421
496,0.5784671792456323,0.4154278133486454,0.006105007405722268
497,0.582682507453176,0.41127353521515897,0.006043957331665045
498,0.5768556823786443,0.4171607998630074,0.005983517758348396
499,0.5768556823786442,0.4171607998630073,0.005983517758348394
500,0.5810871255548579,0.41298919186437727,0.005923682580764911
501,0.5852762542993093,0.4088592999457335,0.005864445754957262
502,0.5894234917563163,0.40477070694627615,0.005805801297407689
503,0.5894234917563163,0.40477070694627615,0.005805801297407689
504,0.5935292568387531,0.40072299987681337,0.005747743284433612
505,0.5975939642703655,0.39671576987804513,0.005690265851589275
506,0.5975939642703656,0.3967157698780452,0.0056902658515892756
507,0.5916180246276619,0.4027486121792647,0.0056333631930733825
508,0.5857018443813853,0.4087211260574721,0.005577029561142649
509,0.5898448259375715,0.40463391479689736,0.005521259265531223
510,0.5939463776781957,0.4005875756489283,0.005466046672875909
511,0.5980069139014138,0.3965816998924391,0.005411386206147151
512,0.5920268447623996,0.4026158828935147,0.00535727234408568
513,0.5920268447623996,0.4026158828935147,0.00535727234408568
514,0.5961065763147756,0.39858972406457954,0.005303699620644823
515,0.6001455105516278,0.39460382682393375,0.005250662624438375
516,0.6041440554461116,0.3906577885556945,0.005198155998193992
517,0.6081026148916505,0.38675121067013757,0.0051461744382120525
518,0.6120215887427339,0.38288369856343607,0.005094712693829931
519,0.6059013728553067,0.3890548615778018,0.005043765566891633
520,0.6098423591267536,0.38516431296202375,0.004993327911222717
521,0.613743935535486,0.38131266983240353,0.004943394632110489
522,0.6176064961801312,0.3774995431340795,0.004893960685789385
523,0.6114304312183299,0.3837245477027387,0.00484502107893149
524,0.6153161269061466,0.3798873022257113,0.004796570868142175
525,0.6191629656370851,0.3760884292034542,0.004748605159460754
526,0.6191629656370851,0.3760884292034542,0.004748605159460754
527,0.6229713359807142,0.37232754491141967,0.004701119107866147
528,0.616741622620907,0.37860426946230546,0.0046541079167874855
529,0.616741622620907,0.37860426946230546,0.0046541079167874855
530,0.616741622620907,0.37860426946230546,0.0046541079167874855
531,0.610574206394698,0.3848182267676824,0.00460756683761961
532,0.6044684643307511,0.3909700445000056,0.004561491169243415
533,0.6044684643307511,0.3909700445000056,0.004561491169243415
534,0.5984237796874435,0.39706034405500557,0.004515876257550981
535,0.5984237796874435,0.39706034405500557,0.004515876257550981
536,0.5924395418905691,0.4030897406144555,0.004470717494975471
537,0.5965151464716634,0.39905884320831086,0.004426010320025715
538,0.6005499950069468,0.3950682547762278,0.004381750216825459
539,0.6045444950568774,0.39111757222846555,0.004337932714657204
540,0.5984990501063084,0.3972063965061808,0.004294553387510632
541,0.5984990501063085,0.39720639650618084,0.0042945533875106325
542,0.5984990501063085,0.39720639650618084,0.0042945533875106325
543,0.6025140596052455,0.393234332541119,0.004251607853635526
544,0.5964889190091931,0.3993019892157078,0.0042090917750991705
545,0.6005240298191011,0.39530896932355075,0.004167000857348179
546,0.5945187895209101,0.40135587963031527,0.004125330848774697
547,0.5945187895209101,0.40135587963031527,0.004125330848774697
548,0.5885736016257009,0.4073423208340121,0.00408407754028695
549,0.592687865609444,0.403268897625672,0.00404323676488408
550,0.5867609869533496,0.40923620864941523,0.004002804397235239
551,0.5908933770838161,0.4051438465629211,0.003962776353262886
552,0.5849844433129779,0.41109240809729186,0.003923148589730257
553,0.5791345988798482,0.41698148401631896,0.0038839171038329546
554,0.5833432528910497,0.41281166917615575,0.003845077932794625
555,0.5833432528910497,0.41281166917615575,0.003845077932794625
556,0.5775098203621392,0.4186835524843941,0.003806627153466678
557,0.5717347221585178,0.4244967169595502,0.0037685608819320116
558,0.5760173749369326,0.4202517497899547,0.0037308752731126916
559,0.5802572011875633,0.41604923229205515,0.003693566520381565
560,0.5744546291756877,0.4218887399691346,0.003656630855177749
561,0.5687100828839308,0.4276698525694433,0.0036200645466259716
562,0.5630229820550915,0.43339315404374884,0.003583863901159712
563,0.5573927522345405,0.43905922250331136,0.003548025262148115
564,0.5618188247121951,0.43466863027827823,0.003512545009526634
565,0.5662006364650731,0.43032194397549545,0.003477419559431368
566,0.5605386301004225,0.43601872453574053,0.0034426453638370545
567,0.5605386301004225,0.43601872453574053,0.0034426453638370545
568,0.5649332437994182,0.4316585372903831,0.003408218910198684
569,0.5692839113614241,0.42734195191747926,0.003374136721096697
570,0.5735910722478098,0.42306853239830444,0.00334039535388573
571,0.5778551615253318,0.4188378470743215,0.0033069914003468733
572,0.5820766099100785,0.41464946860357826,0.0032739214863434047
573,0.5762558438109776,0.4205029739175424,0.00324118227147997
574,0.5804932853728678,0.41629794417836696,0.0032087704487651705
575,0.5846883525191392,0.41213496473658334,0.003176682744277519
576,0.5888414689939478,0.4080136150892175,0.003144915916834744
577,0.5929530543040084,0.4039334789383253,0.0031134667576663963
578,0.5970235237609682,0.3998941441489421,0.0030823320900897322
579,0.6010532885233585,0.39589520270745254,0.0030515087691888342
580,0.605042755638125,0.3919362506803781,0.003020993681496946
581,0.6089923280817438,0.38801688817357427,0.0029907837446819766
582,0.6029024048009264,0.3941367192918386,0.002960875907235157
583,0.5968733807529171,0.4001953520989202,0.002931267148162806
584,0.6009046469453879,0.396193398577931,0.0029019544766811776
585,0.6009046469453879,0.396193398577931,0.0029019544766811776
586,0.604895600475934,0.3922314645921517,0.0028729349319143657
587,0.5988466444711746,0.39830914994623007,0.0028442055825952215
588,0.602858178026463,0.3943260584467678,0.0028157635267692695
589,0.6068295962461984,0.3903827978623001,0.002787605891501577
590,0.6068295962461984,0.3903827978623001,0.002787605891501577
591,0.6007613002837363,0.39647896988367703,0.0027597298325865607
592,0.6047536872808991,0.3925141801848403,0.0027321325342606955
593,0.6087061504080901,0.3885890383829919,0.0027048112089180887
594,0.6026190889040092,0.394703147999162,0.002677763096828908
595,0.6065928980149691,0.39075611651917036,0.002650985465860619
596,0.6005269690348194,0.39684855535397867,0.002624475611202013
597,0.6005269690348194,0.39684855535397867,0.002624475611202013
598,0.6005269690348194,0.39684855535397867,0.002624475611202013
599,0.6045216993444712,0.3928800698004389,0.0025982308550899927
600,0.5984764823510265,0.3989512691024345,0.0025722485465390927
601,0.6024917175275162,0.3949617564114102,0.0025465260610737016
602,0.606466800352241,0.3910121388472961,0.0025210608004629645
603,0.6004021323487185,0.3971020174588231,0.002495850192458335
604,0.5943981110252314,0.40313099728423496,0.002470891690533752
605,0.5943981110252313,0.40313099728423485,0.0024708916905337515
606,0.588454129914979,0.4090996873113925,0.002446182773628414
607,0.5825695886158293,0.41500869043827865,0.0024217209458921303
608,0.5825695886158293,0.41500869043827865,0.0024217209458921303
609,0.576743892729671,0.42085860353389587,0.002397503736433209
610,0.5809764538023743,0.4166500174985569,0.002373528699068877
611,0.5851666892643506,0.41248351732357136,0.0023497934120781886
612,0.579315022371707,0.41835868215033556,0.0023262954779574062
613,0.5735218721479899,0.4241750953288322,0.002303032523177832
614,0.56778665342651,0.42993334437554387,0.002280002197946054
615,0.572108786892245,0.4256340109317885,0.0022572021759665935
616,0.5763876990233225,0.42137767082247063,0.0022346301542069276
617,0.5706238220330893,0.4271638941142458,0.0022122838526648578
618,0.5706238220330894,0.4271638941142459,0.002212283852664858
619,0.5706238220330894,0.4271638941142459,0.002212283852664858
620,0.5649175838127585,0.4328922551731034,0.0021901610141382096
621,0.5592684079746308,0.43856333262137237,0.0021682594039968274
622,0.5636757238948845,0.43417769929515865,0.0021465768099568593
623,0.5580389666559357,0.4398359223022071,0.0021251110418572905
624,0.5524585769893763,0.44543756307918503,0.0021038599314387174
625,0.5469339912194825,0.45098318744839316,0.00208282133212433
626,0.5414646513072877,0.4564733555739092,0.002061993118803087
627,0.5460500047942148,0.4519086220181701,0.0020413731876150563
628,0.5405895047462728,0.45738953579798847,0.002020959455738906
629,0.54518360969881,0.4528156404400085,0.0020007498611815163
630,0.5497317736018219,0.4482874840356084,0.001980742362569701
631,0.5542344558658037,0.44380460919525233,0.001960934938944004
632,0.5586921113071457,0.43936656310329986,0.001941325589554564
633,0.5531051901940741,0.44497289747226676,0.001921912333659018
634,0.5531051901940742,0.4449728974722668,0.0019219123336590182
635,0.5575741382921335,0.44052316849754414,0.001902693210322428
636,0.5619983969092122,0.4361179368125687,0.0018836662782192037
637,0.5663784129401199,0.4317567574444429,0.0018648296154370112
638,0.56637841294012,0.431756757444443,0.0018648296154370114
639,0.5607146288107189,0.4374391898699985,0.0018461813192826412
640,0.5651074825226117,0.43306479797129854,0.0018277195060898148
641,0.5651074825226117,0.43306479797129854,0.0018277195060898148
642,0.5594564076973856,0.43873414999158555,0.0018094423110289167
643,0.5538618436204117,0.4443468084916697,0.0017913478879186275
644,0.5483232251842076,0.449903340406753,0.0017734344090394412
645,0.5528399929323655,0.44540430700268546,0.0017557000649490468
646,0.5573115930030419,0.4409502639326586,0.0017381430642995563
647,0.5617384770730115,0.436540761293332,0.0017207616336565607
648,0.5661210923022814,0.4321753536803987,0.0017035540173199952
649,0.5604598813792585,0.43785360014359476,0.0016865184771467953
650,0.5548552825654659,0.4434750641421588,0.0016696532923753274
651,0.5493067297398112,0.44904031350073725,0.001652956759451574
652,0.5438136624424131,0.4545499103657299,0.0016364271918570582
653,0.5438136624424131,0.4545499103657299,0.0016364271918570582
654,0.548375525817989,0.4500044112620726,0.0016200629199384876
655,0.5528917705598091,0.44550436714945185,0.0016038622907391027
656,0.547362852854211,0.45104932347795734,0.0015878236678317117
657,0.547362852854211,0.45104932347795734,0.0015878236678317117
658,0.5418892243256689,0.45653883024317776,0.0015719454311533946
659,0.5464703320824122,0.45197344194074596,0.0015562259768418607
660,0.5464703320824122,0.45197344194074596,0.0015562259768418607
661,0.5410056287615881,0.4574537075213385,0.0015406637170734421
662,0.5455955724739722,0.45287917044612513,0.0015252570799027076
663,0.5455955724739722,0.45287917044612513,0.0015252570799027076
664,0.5501396167492324,0.4483503787416639,0.0015100045091036806
665,0.54463822058174,0.45386687495424727,0.0014949044640126437
666,0.5391918383759227,0.45932820620470477,0.0014799554193725172
667,0.5337999199921635,0.4647349241426577,0.001465155865178792
668,0.5384619207922419,0.46008757490123114,0.0014505043065270041
669,0.5384619207922419,0.46008757490123114,0.0014505043065270041
670,0.5330773015843194,0.46548669915221885,0.001435999263461734
671,0.5377465285684763,0.4608318321606967,0.0014216392708271167
672,0.5423690632827914,0.4562235138390896,0.0014074228781188454
673,0.5369453726499636,0.46166127870069873,0.001393348649337657
674,0.531575918923464,0.4670446659136918,0.0013794151628442805
675,0.5362601597342294,0.4623742192545549,0.0013656210112158377
676,0.540897558136887,0.4577504770620092,0.001351964801103679
677,0.5354885825555181,0.46317297229138915,0.0013384451530926423
678,0.530133696729963,0.4685412425684753,0.0013250607015617161
679,0.5248323597626634,0.47385583014279054,0.0013118100945460989
680,0.5295840361650368,0.46911727184136265,0.0012986919936006378
681,0.5242881958033865,0.47442609912294903,0.0012857050736646313
682,0.5290453138453525,0.46968183813171943,0.0012728480229279848
683,0.523754860706899,0.47498501975040236,0.0012601195426987053
684,0.52851731209983,0.47023516955289835,0.0012475183472717183
685,0.5332321389788316,0.4655328178573693,0.001235043163799001
686,0.5378998175890434,0.46087748967879566,0.0012226927321610111
687,0.5425208194131529,0.4562687147820077,0.001210465804839401
688,0.5470956112190214,0.4517060276341876,0.001198361146791007
689,0.5516246551068312,0.44718896735784575,0.001186377535323097
690,0.5561084085557629,0.44271707768426727,0.001174513759969866
691,0.5505473244702053,0.4482899069074246,0.0011627686223701673
692,0.5550418512255032,0.44380700783835036,0.0011511409361464656
693,0.5494914327132482,0.44936893775996684,0.001139629526785001
694,0.5439965183861157,0.45487524838236715,0.001128233231517151
695,0.5385565532022546,0.46032649589854346,0.0011169508992019794
696,0.5431709876702321,0.455723230939558,0.0011057813902099595
697,0.5477392777935297,0.45116599863016243,0.0010947235763078599
698,0.5422618850155945,0.4566543386438608,0.0010837763405447812
699,0.5468392661654385,0.4520877952574222,0.0010729385771393333
700,0.5413708735037841,0.4575669173048479,0.0010622091913679399
701,0.5459571647687462,0.4529912481317994,0.0010515870994542605
702,0.5504975931210588,0.44846133565048146,0.0010410712284597181
703,0.5549926171898483,0.44397672229397667,0.001030660516175121
704,0.5494426910179497,0.4495369550710369,0.0010203539110133697
705,0.5439482641077703,0.4550415855203266,0.001010150371903236
706,0.5485087814666925,0.4504911696651232,0.0010000488681842035
707,0.5530236936520256,0.445986257968472,9.900483795023617E-4
708,0.5574934567155053,0.4415263953887872,9.80147895707338E-4
709,0.5574934567155054,0.44152639538878724,9.801478957073382E-4
710,0.5619185221483504,0.4371111314348994,9.703464167502648E-4
711,0.5662993369268668,0.4327400201205504,9.606429525827622E-4
712,0.5706363435575982,0.42841261991934493,9.510365230569345E-4
713,0.5649299801220222,0.4341284937201515,9.415261578263652E-4
714,0.559280680320802,0.43978720878294997,9.321108962481016E-4
715,0.563687873517594,0.4353893366951205,9.227897872856205E-4
716,0.558050994782418,0.4410354433281693,9.135618894127643E-4
717,0.5624704848345938,0.4366250888948876,9.044262705186366E-4
718,0.5568457799862478,0.44225883800593874,8.953820078134503E-4
719,0.5512773221863854,0.44783624962587937,8.864281877353158E-4
720,0.5457645489645215,0.45335788712962055,8.775639058579626E-4
721,0.5403069034748763,0.4588243082583243,8.687882667993829E-4
722,0.5349038344401276,0.46423606517574106,8.601003841313891E-4
723,0.5395547960957263,0.4595937045239836,8.514993802900752E-4
724,0.534159248134769,0.4649977674787438,8.429843864871745E-4
725,0.5388176556534213,0.46034778980395635,8.345545426223027E-4
726,0.5434294790968871,0.4557443119059168,8.262089971960797E-4
727,0.5479951843059182,0.45118686878685765,8.179469072241189E-4
728,0.5479951843059182,0.45118686878685765,8.179469072241189E-4
729,0.542515232462859,0.4566750000989891,8.097674381518777E-4
730,0.5470900801382305,0.4521082500979992,8.016697637703589E-4
731,0.5516191793368481,0.4475871675970192,7.936530661326553E-4
732,0.5461029875434796,0.45311129592104904,7.857165354713287E-4
733,0.5461029875434796,0.45311129592104904,7.857165354713287E-4
734,0.5406419576680448,0.45858018296183856,7.778593701166154E-4
735,0.5352355380913644,0.4639943811322202,7.700807764154492E-4
736,0.5352355380913644,0.4639943811322202,7.700807764154492E-4
737,0.5298831827104508,0.469354437320898,7.623799686512947E-4
738,0.5345843508833462,0.46466089294768903,7.547561689647817E-4
739,0.5392385073745127,0.46001428401821215,7.472086072751339E-4
740,0.5338461223007676,0.46541414117803004,7.397365212023825E-4
741,0.5285076610777599,0.4707599997662497,7.323391559903587E-4
742,0.5232225844669824,0.47605239976858726,7.250157644304552E-4
743,0.5232225844669823,0.47605239976858715,7.250157644304551E-4
744,0.5279903586223126,0.4712918757709013,7.177656067861507E-4
745,0.5227104550360895,0.4765789570131923,7.105879507182892E-4
746,0.5274833504857286,0.4718131674430604,7.034820712111063E-4
747,0.5322085169808713,0.4670950357686298,6.964472504989952E-4
748,0.5322085169808713,0.4670950357686298,6.964472504989952E-4
749,0.5368864318110625,0.46242408541094343,6.894827779940052E-4
750,0.541517567492952,0.45779984455683403,6.825879502140652E-4
751,0.5361023918180224,0.4632218461112657,6.757620707119246E-4
752,0.5407413678998422,0.45858962765015304,6.690044500048054E-4
753,0.5353339542208437,0.46400373137365153,6.623144055047574E-4
754,0.5299806146786353,0.469363694059915,6.556912614497098E-4
755,0.524680808531849,0.47467005711931587,6.491343488352127E-4
756,0.5294340004465304,0.46992335654812273,6.426430053468606E-4
757,0.5341396604420652,0.4652241229826415,6.36216575293392E-4
758,0.5387982638376445,0.46057188175281505,6.298544095404581E-4
759,0.5387982638376445,0.46057188175281505,6.298544095404581E-4
760,0.543410281199268,0.4559661629352869,6.235558654450535E-4
761,0.5379761783872754,0.461406501305934,6.17320306790603E-4
762,0.5325964166034026,0.4667924362928747,6.111471037226969E-4
763,0.5325964166034026,0.4667924362928747,6.111471037226969E-4
764,0.5272704524373686,0.472124511929946,6.0503563268547E-4
765,0.5319977479129949,0.46740326681064653,5.989852763586153E-4
766,0.526677770433865,0.4727292341425401,5.929954235950291E-4
767,0.5214109927295263,0.47800194180111466,5.870654693590788E-4
768,0.516196882802231,0.4832219223831035,5.81194814665488E-4
769,0.5110349139742087,0.48838970315927255,5.753828665188332E-4
770,0.5059245648344666,0.4935058061276797,5.696290378536447E-4
771,0.510865319186122,0.48857074806640294,5.639327474751083E-4
772,0.5157566659942607,0.4836850405857389,5.582934200003573E-4
773,0.5205990993343181,0.4788481901798815,5.527104858003537E-4
774,0.525393108340975,0.4740597082780827,5.471833809423502E-4
775,0.5201391772575652,0.47931911119530185,5.417115471329267E-4
776,0.5249377854849896,0.4745259200833488,5.362944316615974E-4
777,0.5196884076301397,0.4797806608825153,5.309314873449814E-4
778,0.5244915235538383,0.47498285427369014,5.256221724715316E-4
779,0.5292466083183001,0.47023302573095327,5.203659507468164E-4
780,0.533954142235117,0.4655306954736436,5.151622912393482E-4
781,0.5286146008127658,0.4708753885189072,5.100106683269547E-4
782,0.5233284548046382,0.47616663463371817,5.049105616436854E-4
783,0.5280951702565918,0.471404968287381,4.998614560272485E-4
784,0.5228142185540259,0.4766909186045072,4.948628414669761E-4
785,0.5275860763684856,0.47192400941846213,4.899142130523063E-4
786,0.5223102156048008,0.4772047693242775,4.8501507092178325E-4
787,0.5170871134487527,0.4824327216310346,4.801649202125653E-4
788,0.5119162423142652,0.48760839441472437,4.7536327101043975E-4
789,0.5167970798911226,0.48273231047057713,4.7060963830033536E-4
790,0.5216291090922114,0.47790498736587134,4.65903541917332E-4
791,0.5264128180012893,0.4731259374922126,4.612445064981587E-4
792,0.5311486898212764,0.46839467811729046,4.566320614331771E-4
793,0.5258372029230637,0.47371073133611763,4.520657408188454E-4
794,0.520578830893833,0.47897362402275634,4.4754508341065684E-4
795,0.5153730425848946,0.4841838877825288,4.4306963257655026E-4
796,0.5202193121590457,0.4793420489047036,4.386389362507849E-4
797,0.5250171190374552,0.4745486284156565,4.3425254688827695E-4
798,0.5197669478470807,0.47980314213149994,4.299100214193942E-4
799,0.5245692783686099,0.4750051107101849,4.256109212052002E-4
800,0.5293235855849238,0.47025505960308306,4.213548119931482E-4
801,0.5340303497290745,0.46555250900705225,4.1714126387321673E-4
802,0.5386900462317837,0.46089698391698175,4.1296985123448455E-4
803,0.5433031457694659,0.45628801407781194,4.088401527221397E-4
804,0.5478701143117712,0.45172513393703384,4.0475175119491835E-4
805,0.5523914131686536,0.44720788259766353,4.0070423368296923E-4
806,0.5568674990369671,0.4427358037716869,3.9669719134613956E-4
807,0.5612988240465974,0.43830844573397004,3.927302194326782E-4
808,0.5556858358061314,0.44392536127663035,3.888029172383514E-4
809,0.5601289774480701,0.43948610766386403,3.849148880659679E-4
810,0.5601289774480701,0.43948610766386403,3.849148880659679E-4
811,0.5601289774480701,0.43948610766386403,3.849148880659679E-4
812,0.5645276876735893,0.43509124658722526,3.810657391853081E-4
813,0.5688824107968535,0.43074033412135304,3.772550817934551E-4
814,0.5731935866888851,0.42643293078013955,3.734825309755206E-4
815,0.5774616508219962,0.42216860147233803,3.697477056657653E-4
816,0.5716870343137762,0.42794691545761465,3.6605022860910764E-4
817,0.5759701639706385,0.4236674463030385,3.6238972632301656E-4
818,0.5702104623309321,0.4294307718400081,3.587658290597864E-4
819,0.5645083577076228,0.435136464121608,3.5517817076918855E-4
820,0.5645083577076228,0.435136464121608,3.5517817076918855E-4
821,0.5588632741305466,0.44078509948039196,3.5162638906149673E-4
822,0.5588632741305466,0.44078509948039196,3.5162638906149673E-4
823,0.5632746413892411,0.43637724848558807,3.4811012517088174E-4
824,0.5576418949753487,0.4420134760007322,3.446290239191729E-4
825,0.5620654760255952,0.4375933412407249,3.411827336799812E-4
826,0.5664448212653392,0.43321740782831764,3.377709063431814E-4
827,0.5664448212653392,0.43321740782831764,3.377709063431814E-4
828,0.5607803730526858,0.43888523375003446,3.3439319727974955E-4
829,0.565172569322159,0.4344963814125341,3.3104926530695206E-4
830,0.5695208436289374,0.43015141759840875,3.2773877265388255E-4
831,0.5695208436289374,0.43015141759840875,3.2773877265388255E-4
832,0.5738256351926481,0.4258499034224247,3.2446138492734375E-4
833,0.5738256351926481,0.4258499034224247,3.2446138492734375E-4
834,0.5780873788407216,0.4215914043882004,3.212167710780703E-4
835,0.5823065050523143,0.4173754903443183,3.1800460336728955E-4
836,0.5864834400017912,0.41320173544087513,3.1482455733361666E-4
837,0.5906186056017733,0.40906971808646636,3.116763117602805E-4
838,0.5947124195457556,0.4049790209056017,3.0855954864267776E-4
839,0.598765295350298,0.40092923069654574,3.05473953156251E-4
840,0.592777642396795,0.4069199383895803,3.024192136246885E-4
841,0.5868498659728271,0.4128507390056845,2.993950214884416E-4
842,0.5909813673130988,0.40872223161562765,2.9640107127355716E-4
843,0.5850715536399678,0.4146350092994714,2.9343706056082156E-4
844,0.5792208381035682,0.4204886592064767,2.905026899552134E-4
845,0.5834286297225324,0.41628377261441185,2.875976630556612E-4
846,0.5875943434253071,0.4121209348882678,2.847216864251047E-4
847,0.581718399991054,0.417999725539385,2.8187446956085357E-4
848,0.5759012159911436,0.4238197282839912,2.790557248652451E-4
849,0.580142203831232,0.4195815310011512,2.762651676165926E-4
850,0.5843407817929198,0.4153857156911398,2.735025159404267E-4
851,0.5784973739749906,0.4212318585342284,2.707674907810224E-4
852,0.5727124002352407,0.4270195399488862,2.6805981587321227E-4
853,0.5769852762328882,0.4227493445493972,2.6537921771448007E-4
854,0.5712154234705594,0.4285218511039033,2.627254255373353E-4
855,0.5755032692358538,0.42423663259286426,2.600981712819619E-4
856,0.5797482365434953,0.4199942662669356,2.574971895691423E-4
857,0.5839507541780604,0.41579432360426627,2.5492221767345097E-4
858,0.5881112466362798,0.4116363803682236,2.523729954967165E-4
859,0.5922301341699169,0.40752001656454123,2.4984926554174925E-4
860,0.5863078328282179,0.41344481639889585,2.4735077288633183E-4
861,0.5804447544999356,0.4193103682349068,2.4487726515746847E-4
862,0.5846403069549364,0.4151172645525578,2.424284925058938E-4
863,0.5787939038853871,0.4209660919070322,2.4000420758083486E-4
864,0.5730059648465331,0.4267564309879618,2.3760416550502647E-4
865,0.5772759051980678,0.42248886667808216,2.352281238499762E-4
866,0.5815031461460872,0.4182639780113014,2.3287584261147648E-4
867,0.5815031461460871,0.4182639780113013,2.3287584261147642E-4
868,0.5756881146846263,0.4240813382311883,2.305470841853617E-4
869,0.5799312335377801,0.41984052484887646,2.2824161334350807E-4
870,0.5841319212024023,0.4156421196003877,2.25959197210073E-4
871,0.5882906019903782,0.4114856984043837,2.236996052379722E-4
872,0.5924076959704745,0.40737084142033997,2.2146260918559253E-4
873,0.5864836190107697,0.4132971330061366,2.192479830937366E-4
874,0.590618782820662,0.4091641616760752,2.1705550326279923E-4
875,0.5947125949924554,0.4050725200593145,2.1488494823017123E-4
876,0.5887654690425308,0.41102179485872126,2.1273609874786946E-4
877,0.5928778143521056,0.4069115769101341,2.106087377603908E-4
878,0.5969490362085845,0.4028424611410327,2.0850265038278688E-4
879,0.6009795458464987,0.3988140365296224,2.0641762387895902E-4
880,0.6049697503880337,0.3948258961643262,2.0435344764016943E-4
881,0.6089200528841533,0.3908776372026828,2.0230991316376768E-4
882,0.6028308523553119,0.396968860830656,2.0028681403213002E-4
883,0.6068025438317588,0.3929991722223495,1.9828394589180873E-4
884,0.6107345183934411,0.3890691805001259,1.963011064328906E-4
885,0.6146271732095068,0.3851784886951247,1.9433809536856172E-4
886,0.6184809014774117,0.38132670380817346,1.923947144148761E-4
887,0.6222960924626376,0.37751343677009175,1.9047076727072735E-4
888,0.6160731315380112,0.3837383024023908,1.8856605959802008E-4
889,0.6199124002226312,0.3799009193783669,1.8668039900203987E-4
890,0.6237132762204048,0.3761019101845832,1.8481359501201948E-4
891,0.6274761434582008,0.3723408910827374,1.8296545906189927E-4
892,0.6312013820236188,0.36861748217191,1.8113580447128027E-4
893,0.6348893682033826,0.36493130735019086,1.7932444642656747E-4
894,0.6385404745213488,0.36128199427668894,1.775312019623018E-4
895,0.6421550697761352,0.35766917433392204,1.7575588994267878E-4
896,0.6357335190783739,0.36409248259058286,1.7399833104325203E-4
897,0.6393761838875902,0.360451557764677,1.722583477328195E-4
898,0.6429824220487144,0.35684704218703023,1.705357642554913E-4
899,0.6465525978282272,0.35327857176515987,1.6883040661293638E-4
900,0.650087071849945,0.34974578604750833,1.6714210254680704E-4
901,0.6535862011314455,0.34624832818703327,1.6547068152133898E-4
902,0.647050339120131,0.35278584490516296,1.638159747061256E-4
903,0.6405798357289296,0.35925798645611134,1.6217781495906432E-4
904,0.6441740373716404,0.3556654065915502,1.6055603680947367E-4
905,0.6477322969979239,0.35210875252563467,1.589504764413789E-4
906,0.6512549740279447,0.34858766500037836,1.5736097167696515E-4
907,0.6447424242876653,0.3551017883503746,1.557873619601955E-4
908,0.6482950000447886,0.35155077046687083,1.5422948834059353E-4
909,0.6418120500443407,0.3580352627622021,1.526871934571876E-4
910,0.6353939295438973,0.3644549101345801,1.5116032152261572E-4
911,0.6390399902484584,0.36081036103323433,1.496487183073896E-4
912,0.6426495903459737,0.3572022574229019,1.4815223112431568E-4
913,0.646223094442514,0.35363023484867295,1.4667070881307256E-4
914,0.6397608634980889,0.36009393250018623,1.4520400172494182E-4
915,0.643363254863108,0.3564929931751843,1.4375196170769236E-4
916,0.646929622314477,0.3529280632434325,1.4231444209061546E-4
917,0.6404603260913322,0.3593987826109981,1.4089129766970928E-4
918,0.6440557228304189,0.35580479478488813,1.394823846930122E-4
919,0.6476151656021147,0.35224674683703927,1.3808756084608207E-4
920,0.6511390139460935,0.34872427936866884,1.3670668523762123E-4
921,0.6546276238066326,0.34523703657498217,1.3533961838524503E-4
922,0.6580813475685663,0.34178466620923237,1.3398622220139257E-4
923,0.6615005340928807,0.33836681954714004,1.3264635997937865E-4
924,0.6648855287519518,0.3349831513516686,1.3131989637958486E-4
925,0.6648855287519518,0.3349831513516686,1.3131989637958486E-4
926,0.6682366734644323,0.3316333198381519,1.3000669741578902E-4
927,0.661554306729788,0.3383169866397704,1.2870663044163113E-4
928,0.6649387636624902,0.3349338167733727,1.2741956413721481E-4
929,0.6682893760258652,0.33158447860563894,1.2614536849584268E-4
930,0.6716064822656066,0.32826863381958254,1.2488391481088425E-4
931,0.6748904174429505,0.3249859474813867,1.236350756627754E-4
932,0.678141513268521,0.32173608800657283,1.2239872490614763E-4
933,0.6813600981358359,0.31851872712650714,1.2117473765708617E-4
934,0.6745464971544775,0.32533353985524205,1.199629902805153E-4
935,0.6778010321829326,0.3220802044566896,1.1876336037771015E-4
936,0.6710230218611033,0.3288594024121227,1.1757572677393305E-4
937,0.6743127916424924,0.3255708083880015,1.1639996950619373E-4
938,0.6775696637260674,0.32231510030412147,1.152359698111318E-4
939,0.6807939670888068,0.31909194930108026,1.1408361011302047E-4
940,0.6839860274179187,0.31590102980806944,1.1294277401189027E-4
941,0.6771461671437394,0.3227420195099887,1.1181334627177134E-4
942,0.6703747054723022,0.32951459931488886,1.1069521280905365E-4
943,0.6736709584175792,0.32621945332173996,1.0958826068096311E-4
944,0.6669342488334034,0.33295725878852256,1.0849237807415348E-4
945,0.6602649063450693,0.3396276862006373,1.0740745429341194E-4
946,0.6636622572816187,0.33623140933863094,1.0633337975047782E-4
947,0.6670256347088025,0.3328690952452446,1.0527004595297305E-4
948,0.6603553783617144,0.33954040429279214,1.0421734549344331E-4
949,0.6637518245780972,0.33614500024986416,1.0317517203850885E-4
950,0.6671143063323164,0.33278355024736556,1.0214342031812377E-4
951,0.6704431632689932,0.3294557147448919,1.0112198611494253E-4
952,0.6737387316363033,0.32616115759744296,1.0011076625379311E-4
953,0.6670013443199402,0.33289954602146854,9.910965859125518E-5
954,0.6670013443199402,0.33289954602146854,9.910965859125518E-5
955,0.6703313308767408,0.32957055056125384,9.811856200534263E-5
956,0.6736280175679734,0.3262748450556413,9.71373763852892E-5
957,0.6668917373922937,0.3330120966050849,9.616600262143631E-5
958,0.6702228200183707,0.32968197563903406,9.520434259522195E-5
959,0.663520591818187,0.3363851558826437,9.425229916926973E-5
960,0.6568853859000051,0.3430213043238173,9.330977617757703E-5
961,0.660316532041005,0.3395910912805791,9.237667841580126E-5
962,0.653713366720595,0.34619518036777336,9.145291163164325E-5
963,0.647176233053389,0.3527332285640956,9.053838251532682E-5
964,0.6407044707228552,0.35920589627845473,8.963299869017357E-5
965,0.6442974260156266,0.35561383731567014,8.873666870327182E-5
966,0.6478544517554703,0.35205769894251343,8.78493020162391E-5
967,0.6413759072379156,0.3585371219530883,8.697080899607671E-5
968,0.6449621481655364,0.3549517507335574,8.610110090611595E-5
969,0.6485125266838812,0.3514022332262219,8.524008989705481E-5
970,0.6420274014170423,0.35788821089395967,8.438768899808426E-5
971,0.6356071274028718,0.3643093287850201,8.354381210810342E-5
972,0.6292510561288431,0.37066623549716987,8.270837398702239E-5
973,0.6329585455675547,0.3669595731421982,8.188129024715217E-5
974,0.6366289601118792,0.3632899774107762,8.106247734468065E-5
975,0.6402626705107604,0.35965707763666843,8.025185257123384E-5
976,0.6438600438056528,0.3560605068603018,7.94493340455215E-5
977,0.6374214433675962,0.3624999017916988,7.865484070506628E-5
978,0.6310472289339203,0.36887490277378177,7.786829229801562E-5
979,0.634736756644581,0.3651861537460439,7.708960937503545E-5
980,0.6283893890781352,0.3715342922085835,7.631871328128511E-5
981,0.6221054951873539,0.3778189492864977,7.555552614847226E-5
982,0.6221054951873539,0.3778189492864977,7.555552614847226E-5
983,0.6258844402354804,0.3740407597936327,7.479997088698753E-5
984,0.6296255958331255,0.37030035219569635,7.405197117811765E-5
985,0.6333293398747942,0.3665973486737394,7.331145146633647E-5
986,0.6369960464760464,0.362931375187002,7.257833695167312E-5
987,0.6406260860112859,0.359302061435132,7.185255358215638E-5
988,0.644219825151173,0.3557090408207807,7.113402804633481E-5
989,0.6477776268996612,0.35215195041257286,7.042268776587145E-5
990,0.6512998506306646,0.34863043090844714,6.971846088821274E-5
991,0.644786852124358,0.3551441265993627,6.90212762793306E-5
992,0.6483389836031145,0.35159268533336907,6.83310635165373E-5
993,0.6518555937670834,0.3480767584800354,6.764775288137194E-5
994,0.6518555937670834,0.3480767584800354,6.764775288137194E-5
995,0.6553370378294125,0.344595990895235,6.697127535255821E-5
996,0.6553370378294125,0.344595990895235,6.697127535255821E-5
997,0.6587836674511184,0.34115003098628266,6.630156259903263E-5
998,0.6621958307766072,0.33773853067641985,6.56385469730423E-5
999,0.655573872468841,0.3443611453696556,6.498216150331186E-5
